"Hormone","N_pairs","Wake_Mean","Wake_SD","Plus30_Mean","Plus30_SD","Mean_Diff","P_value"
"Cortisol",58,7.96637465517241,5.92446343892586,9.41183695402299,5.08947104243022,1.44546229885057,0.115194462784067
"DHEA",56,1.75186835416667,1.09903850490535,1.05560739940476,0.745284842510225,-0.696260954761905,5.88796308610738e-06
